ID,roi,roi_areas,cal,stage,focus,genotype,Al_measure,Si_measure,P_measure,S_measure,Cl_measure,Ar_measure,K_measure,Ca_measure,Sc_measure,Ti_measure,V_measure,Cr_measure,Mn_measure,Fe_measure,Co_measure,Ni_measure,Cu_measure,Zn_measure
1_0043,1,35673.2,downstream,stage14_oocyte,cell,WT,2891593.965,487845.636,4618859.166,2125477.784,-29708.53389,31991.36903,12102867.61,251365.9598,0,-1112.051366,0,-103.7412329,4413.01385,106116.2476,-131.4914152,-1666.273411,10205.03232,368538.0812
1_0044,1,27452,downstream,stage14_oocyte,cell,WT,2162223.838,132184.9488,3141667.549,1546350.022,-62096.17693,13778.98236,9636596.349,212590.8685,0,-3189.282768,0,-1539.36541,4666.83451,97758.13676,-231.2583932,-1212.664099,10108.10092,326634.1081
1_0045,1,29316,downstream,stage14_oocyte,cell,WT,2804421.329,25024.1376,3654139.726,2006897.432,-90042.44058,50898.73236,12311382.31,267715.4416,0,-2879.276803,0,-1015.793537,5349.396058,103893.7346,328.471122,-1016.132137,9908.866632,365852.1207
1_0049,1,61313.1,downstream,stage14_oocyte,cell,WT,2531018.87,81417.05236,3736171.996,1678350.464,-101917.21,5561.09817,11483274.09,280205.8334,0,-7243.940432,0,-4208.46374,3708.97657,134380.7122,-1581.59594,-2469.687376,9463.922237,367851.6345
1_0050,1,34094.1,downstream,stage14_oocyte,cell,WT,2578086.741,65065.18044,2702413.604,1149435.873,-90233.58144,30967.67103,11950009.33,199535.1407,0,-7056.67067,0,-2290.95305,3047.37839,100170.3069,-807.9858477,-2539.39437,7930.662695,337606.7368
1_0051,1,42615.1,downstream,stage14_oocyte,cell,WT,2662024.667,215990.3728,4810822.048,2043792.496,-70749.8021,24767.89612,11525172.83,326786.5219,0,-4351.483261,0,-1527.845088,6442.141713,146764.0606,-302.2348122,-1773.07155,11157.86902,444024.9363
1_0061,1,66437.2,downstream,in_vitro_egg,cell,WT,623918.3889,-15482.52509,3161268,1799591.744,-145686.1496,-60845.84525,2651062.194,711110.5702,0,-7148.582927,0,-2654.571407,2732.827785,125505.6508,-1978.426735,2846.375603,10553.08416,468529.8303
1_0062,1,63926,downstream,in_vitro_egg,cell,WT,2675482.093,143740.168,5924948.708,2435395.215,-161221.372,-26943.53048,12670354.38,357342.1209,0,-12737.52399,0,-959.976742,1379.484724,153830.8871,-3547.349629,4110.902067,6726.869054,398586.1852
1_0063,1,50195.9,downstream,in_vitro_egg,cell,WT,3298403.71,248665.469,5944779.245,2494041.017,-50521.16943,24184.38462,15065056.03,360498.0189,0,-6041.01633,0,-975.9036682,3769.752247,124673.4944,-431.8102297,-1952.416213,12380.61293,314886.8117
1_0068,1,48533.1,downstream,in_vitro_egg,cell,WT,2666248.355,37134.61613,4598231.189,2149409.666,-123193.9944,17530.15572,12308250.9,375272.6347,0,-4462.662225,0,-2170.599218,2914.407802,134366.5081,-1707.049873,-1981.722952,12184.78318,340756.1275
1_0069,1,51269,downstream,in_vitro_egg,cell,WT,1283068.248,-24777.79501,2717888.634,1381534.464,-130457.6106,7418.6243,6412849.566,220428.4508,0,-10064.65328,0,-4274.855362,3272.187529,92176.79145,-1469.820707,-2816.064668,10069.18033,362465.6777
1_0070,1,49265.1,downstream,in_vitro_egg,cell,WT,1952203.485,-22425.96617,3253112.988,1588128.977,40240.71898,-17099.91621,9684386.548,197809.0325,0,-3539.830451,0,-4378.19929,1923.363696,106324.0866,-1877.231856,-2551.601119,8602.179111,346709.5851
1_0071,1,64688.7,downstream,in_vitro_egg,cell,WT,279274.0556,357309.9751,4144251.809,2947096.204,252192.1314,-150734.3743,1915097.966,1181764.287,0,-6919.944305,0,-2338.056622,2869.170255,151330.0279,-1943.565523,-2013.448725,10306.91526,356051.9675
1_0077,1,44327.9,downstream,in_vitro_egg,cell,WT,2972642.272,136060.0563,5261837.869,2507003.393,-115255.643,14558.16892,12596303.39,414416.8383,0,-4450.685173,0,6635.620663,7537.462923,172452.1983,-58.00305715,1467.164834,15611.75445,495866.9565
1_0078,1,58752.8,downstream,in_vitro_egg,cell,WT,3143216.047,112353.567,5952863.66,2701641.165,-111156.1849,-28200.75647,12845043,680913.813,0,-4929.747688,0,-2366.59216,7688.661671,169054.5429,104.4096009,-1494.948545,18435.15982,514808.1789
1_0081,1,35416.9,downstream,stage9-13_oocyte,cell,WT,2310609.181,262410.8955,4260805.717,1457810.604,-995.569059,39093.17422,10709333.89,169946.578,0,-4577.312031,0,-1531.547173,6469.59804,138204.6772,-866.9277948,-1658.819929,8341.72829,315664.7203
1_0081,2,10413,downstream,stage9-13_oocyte,focus,WT,1208729.586,122272.5699,2315729.472,949208.8858,40941.31275,8719.8462,5416532.293,154744.365,0,-1063.760841,0,-227.9759742,5924.370137,53319.59989,360.0076077,-442.2858231,5368.032704,217224.4215
1_0082,1,39320,downstream,stage9-13_oocyte,cell,WT,2116579.872,867909.9668,4074812.206,1552166.044,4226.5068,-7545.508,10443877.21,182948.1353,0,-4834.771472,0,-1882.696648,6713.237288,106098.2058,323.686172,-1087.403644,7677.021604,281574.6053
1_0082,2,12388,downstream,stage9-13_oocyte,focus,WT,1310214.342,126709.2953,2157618.579,934305.8092,21467.66072,951.3984,5858710.604,166615.3915,0,-1089.475048,0,-340.51515,5872.610683,60118.4276,782.6280044,-290.1673449,6027.58828,225735.4231
1_0087,1,48933.8,downstream,stage9-13_oocyte,cell,WT,1768487.106,-7589333.884,5014723.101,1004806.649,666698.5581,-55463.52627,8431195.872,405692.5196,0,-2072.845555,0,174.590905,7675.452478,91290.70154,217.9413584,-347.1006555,8330.984343,264733.4043
1_0087,2,22029.9,downstream,stage9-13_oocyte,focus,WT,1173990.995,-4011415.679,3460318.785,-146102.2968,198039.989,-15694.32106,4843824.262,259224.5115,0,-709.0940152,0,186.0447085,6825.122973,67409.20289,363.4757261,-96.60419569,7295.512007,239235.0561
1_0088,1,55775,downstream,stage9-13_oocyte,cell,WT,1056372.922,-6487413.35,7296766.048,946334.425,1282251.633,-194789.7255,7269674.457,593400.8223,0,-506.5652825,0,-679.3450775,6996.070195,119269.0871,6212.542995,-698.1033813,9845.163167,322819.7488
1_0088,2,26576,downstream,stage9-13_oocyte,focus,WT,761899.3712,-3495028.363,4680858.253,241575.84,142373.4787,-38299.47088,4022551.333,331628.3502,0,-152.4585392,0,-127.843848,6252.450477,80587.38545,6508.377357,-325.6701705,7850.250091,271407.4877
1_0089,1,51497.6,downstream,stage9-13_oocyte,cell,WT,728948.528,-7524381.283,5950334.48,-234365.5776,1151712.925,-194485.3212,4197265.54,404742.2973,0,-275.9344403,0,738.5425309,4811.240526,105929.2655,54.77284736,-283.1271101,6302.219641,234943.1489
1_0089,2,13600.9,downstream,stage9-13_oocyte,focus,WT,592422.5618,-2380141.179,2344738.852,203959.0964,96522.86712,-28142.57425,2387503.346,186798.0248,0,71.6223394,0,405.6808448,4532.669936,53866.83776,379.2964588,-15.70115098,4113.930867,178762.1439
1_0090,1,57535.1,downstream,stage9-13_oocyte,cell,WT,263982.5458,-6574507.109,5899847.65,-2609216.785,917840.1898,-130379.7148,2217287.684,539794.8836,0,-1825.490913,0,-1345.469821,4902.74423,129111.3592,-534.2939526,10.47541566,9322.182113,271834.1308
1_0090,2,39907.1,downstream,stage9-13_oocyte,focus,WT,253070.8746,-4842874.241,5184429.133,-1967619.565,552378.1154,-86606.38842,1292870.319,460165.1785,0,-887.2425822,0,-756.6505881,4896.724882,114146.0826,-151.4913423,67.84805607,8451.286195,249423.6052
1_0099,1,53362,downstream,stage14_oocyte,cell,KO,3117792.246,-12775497.81,5620130.664,8831325.621,470563.7255,-42928.12814,14216810.76,653844.586,0,400.7646286,0,-158.4531228,7608.631442,186996.7661,1636.865476,-363.4620132,19946.94506,375305.533
1_0100,1,56704.1,downstream,stage14_oocyte,cell,KO,4507907.905,-16301980.79,6576505.227,14531667.44,648083.6338,-106436.9979,18458704.22,953523.1037,0,1523.12883,0,1080.088356,5342.200999,151683.9155,1397.349497,-208.1012118,17426.77466,223226.7243
1_0101,1,66490.1,downstream,stage14_oocyte,cell,KO,-22635550.54,-986242932.5,7458028.957,10672306,189875.7786,-190507.4345,10133399.09,803039.4355,0,-23688.59415,0,-12019.32894,-3136.703713,159038.9335,-6716.603836,-6535.748769,11667.88222,279909.7304
2_0009,1,50274.9,downstream,in_vivo_egg,cell,WT,5093485.861,139286.6105,6266644.117,2350818.377,1551556.313,-70091.50596,22628454.82,377797.7745,0,-8528.749668,0,-2181.086042,7253.592187,136120.3475,7358.626508,-2773.550601,14654.47978,414297.6536
2_0009,2,68631.9,downstream,in_vivo_egg,cell,WT,4128243.101,-67636.73745,4971679.051,1860136.219,1250655.093,-80826.69052,18831253.46,266015.1854,0,-11838.50174,0,-4655.7822,370.8318821,122138.0842,3583.305815,-3718.788823,7992.939706,285639.5164
2_0010,1,64800,downstream,in_vivo_egg,cell,WT,5054594.4,562589.064,6505855.848,2395466.525,1262631.888,-56246.1408,22613639.1,290192.544,0,-4639.3884,0,-2262.79656,3518.6076,136802.844,4756.66344,-2897.28576,12195.8784,305981.4398
2_0011,1,68505.1,downstream,in_vivo_egg,cell,WT,4246113.935,371663.4592,3829041.186,1486427.291,1262379.1,-67391.89213,18607039.45,271784.2565,0,-6088.767541,0,-3697.007881,3559.703109,110869.2704,1917.971537,-3727.060452,11281.35136,245947.743
2_0012,1,53539.8,downstream,in_vivo_egg,cell,WT,4083084.351,184787.2657,4329645.303,1704636.024,1238261.534,-68832.05184,17989127.05,244317.3127,0,-10313.48946,0,-4703.47143,-254.6352888,108993.9691,2334.244262,-3528.428085,10959.1152,304803.2753
2_0013,1,57719.3,downstream,in_vivo_egg,cell,WT,3269723.31,313490.8341,2571528.147,1146540.793,878539.1162,-73245.32995,15664770.98,296666.0622,0,15589.75205,0,-6842.825033,-1292.277408,126224.317,-249.9476567,-4182.108446,14325.87254,291031.7523
2_0014,1,58860,downstream,in_vivo_egg,cell,WT,4463742.276,38140.1028,3970381.288,1546864.344,992753.361,-67727.14128,18848326.9,342432.4707,0,-6793.685946,0,-2551.480938,1234.8828,151734.7231,3048.74199,-4205.485256,11265.45084,335654.2178
2_0015,1,57689.9,downstream,in_vivo_egg,cell,WT,4262002.894,274284.8989,2976606.733,1062060.098,853470.7265,-24428.09588,17936500.94,237935.9928,0,-5768.75924,0,-2318.141714,2608.183455,113545.3189,2008.496944,-2641.395819,6013.999005,238250.6854
2_0016,1,61106.9,downstream,in_vivo_egg,cell,WT,3723426.738,58115.10618,4763975.807,1681130.869,963660.0905,-38655.61387,18395208.64,260408.5209,0,-11967.6336,0,-5330.862074,-1778.455218,105475.2146,1705.976324,-5116.502735,2556.712696,295425.1639
2_0026,1,69123.1,downstream,in_vivo_egg,cell,WT,3317957.186,-405890.8432,4066932.241,1501894.966,780482.0555,-90923.14328,17013214.76,250542.4132,0,-14682.59665,0,12590.35793,-3185.441291,286851.6716,4385.521992,-7024.296334,770.9990574,305461.594
2_0027,1,62128.1,downstream,in_vivo_egg,cell,WT,4417177.441,93207.68203,4932179.628,1767126.323,1176385.012,-79935.25602,18551817.34,241742.4873,0,-12894.40758,0,-5257.192843,-1468.739348,109862.9209,836.2628644,-4782.097522,7203.939579,295330.8315
2_0028,1,60168.1,downstream,in_vivo_egg,cell,WT,-8910113.425,-590429258.4,5351959.715,1996065.286,469900.8274,-226404.8588,24611491.15,289306.2752,0,-31154.68117,0,-5234.083187,-13202.44551,259958.6828,-1692.528653,-14553.7007,-2293.066459,314889.7514
2_0029,1,58927.3,downstream,in_vivo_egg,cell,WT,5026227.624,591765.6248,5402903.89,2120167.719,689140.0417,-39194.31505,22228638.37,322576.1722,0,-9655.385423,0,1220.561165,2054.347104,249983.867,2959.299542,-3667.794079,11751.10538,356195.835
2_0030,1,55692.9,downstream,in_vivo_egg,cell,WT,2467362.549,-102452.6588,1469224.37,680956.5314,602520.8787,-79553.96608,12874949.79,216431.7987,0,-16348.12171,0,-7017.349954,739.4346333,105978.6877,-565.8231561,-4773.755909,10280.51949,331879.6384
2_0031,1,60888.2,downstream,in_vivo_egg,cell,WT,4327476.595,248271.6355,4317812.419,1661639.587,1309649.165,-85871.84622,19850956.86,234817.9006,0,-12829.5456,0,-4817.565716,74.892486,127618.0139,1473.269154,-5097.778078,12038.08425,323418.8168
2_0032,1,68481.6,downstream,in_vivo_egg,cell,WT,5618340.035,427029.3435,4386284.83,1717460.73,1174640.916,-56411.718,24296290.27,308505.773,0,-4717.498827,0,-3788.100793,2402.040057,149685.1638,5818.614474,-2453.556005,14200.07065,370943.8972
2_0032,2,55792.7,downstream,in_vivo_egg,cell,WT,4121853.091,275151.7427,2359236.722,1040603.931,983254.2795,-53497.94625,17708193.96,265354.7678,0,-3424.115164,0,-3383.085212,2468.921823,140256.8222,3348.850811,-1966.023999,15309.85164,287690.8379
2_0033,1,59833.3,downstream,in_vivo_egg,cell,WT,4927721.005,824827.1705,5543564.818,1963074.509,1405258.047,-68876.50496,23184386.88,315129.6056,0,-7001.860299,0,-3406.824335,1036.252923,128194.5206,4355.786457,-2920.122323,8084.136996,238103.8531
2_0034,1,60895,downstream,in_vivo_egg,cell,WT,5248101.606,497350.7782,3481606.65,1571188.128,1235054.122,-44601.9338,21748740.41,301515.2351,0,345.688736,0,2490.635947,5496.400969,145738.9074,7826.785634,-998.3613457,18391.37393,316669.7901
2_0038,1,55696,downstream,in_vivo_egg,cell,KO,4631836.423,593155.7165,2967663.892,1455332.693,1516277.929,-83431.49408,19915830.87,266435.3501,0,-6210.900453,0,-1096.086141,4199.110806,134495.8203,4467.504261,-1809.825034,20536.18456,282423.6722
2_0038,2,59402,downstream,in_vivo_egg,cell,KO,3514692.784,726360.5278,1851070.274,858592.4687,1069068.486,-80454.0688,14420013.17,227192.0375,0,-6811.526357,0,82.4618564,2210.372181,147518.3387,2773.616005,-1892.530672,20195.02862,245528.4904
2_0039,1,45594,downstream,in_vivo_egg,cell,KO,4472032.777,92738.196,3534963.46,1619288.236,1517899.946,-68802.71382,21932070.42,261623.1138,0,-11754.85814,0,-5468.284474,1228.439142,137750.3254,2805.895795,-3794.588006,16467.18498,289936.7644
2_0048,1,53136.9,downstream,in_vivo_egg,cell,KO,4723530.334,320840.0708,3875959.052,1664795.018,1825046.344,-58035.05944,21703433.42,283053.4116,0,-7938.020531,0,-2184.936191,3535.38925,139653.7629,5783.409569,-3143.47273,20501.06621,250226.8483
2_0049,1,58476.1,downstream,in_vivo_egg,cell,KO,4023319.413,518825.1039,3126690.168,1487320.306,1623916.383,-106696.0768,18411837.71,309579.8414,0,-9743.46321,0,-4406.630249,481.4337313,154843.1924,805.6837058,-3341.051212,18491.8971,280398.3729
2_0050,1,60187,downstream,in_vivo_egg,cell,KO,5738503.033,193122.0269,5356505.774,2291177.651,2169509.63,-123683.0813,25761431.13,356660.4581,0,-5195.775186,0,-2070.48095,4456.1552,171496.5971,6508.742554,-2654.655972,19193.21299,266236.3465
2_0051,1,51379.1,downstream,in_vivo_egg,cell,KO,5159105.42,609253.3678,4627711.94,2002856.48,2092238.131,-58950.83797,23746450.03,272350.8471,0,-6459.63221,0,-518.6617387,3539.228752,160477.3782,7319.271345,-2529.567782,23541.33845,228679.1824
2_0052,1,67142.9,downstream,in_vivo_egg,cell,KO,4648899.867,676095.4316,3993072.259,1731281.557,1400505.283,-58824.56612,20177386.69,264759.4947,0,-3664.491625,0,-3328.468267,3621.446312,151399.2294,965.6021878,-2303.378142,24833.78857,303450.3894
2_0053,1,66577,downstream,in_vivo_egg,cell,KO,5629749.788,127994.2825,5217630.169,2476295.763,1973701.796,-97637.83358,25063371.23,407257.5675,0,-6251.114261,0,-648.8927305,7413.255742,205709.3549,7972.629038,-2649.005622,23428.68598,393043.6443
2_0054,1,54614,downstream,in_vivo_egg,cell,KO,4672489.847,698614.0959,3018142.22,1537614.025,1657040.097,-84091.9065,20910845.56,300982.7239,0,-5076.29484,0,-2737.843511,2593.127334,189820.3506,4018.864034,-3239.570396,20028.9199,352874.8932
2_0055,1,69789.1,downstream,in_vivo_egg,cell,KO,4679645.29,416786.7862,2617869.398,1231809.718,1335364.878,-97425.5836,19506915.07,262626.7121,0,-16593.8241,0,-2019.696554,-446.1617163,217487.8899,676.1098219,-5239.569521,22113.65338,316543.5256
2_0055,2,61932.1,downstream,in_vivo_egg,cell,KO,4550287.638,148568.2954,3996370.032,1796319.504,1675894.393,-112475.5061,20425228.01,360837.967,0,-15257.40017,0,-4523.780699,1520.494987,155134.2747,2487.378932,-4752.337398,17641.35869,372404.2716
2_0066,1,38540.9,downstream,stage14_oocyte,cell,KO,1398356.35,158064.7099,1536069.152,939148.8494,-58148.12038,22988.49062,6834180.688,163444.8268,0,-5335.4172,0,-3841.090154,1259.824939,127044.1801,-1244.308373,-2952.020965,15136.3989,238217.364
2_0067,1,45604.7,downstream,stage14_oocyte,cell,KO,2140807.751,211565.6759,2735211.202,2155086.582,-47444.30239,-4471.540835,10320151.16,243219.5789,0,-4389.899301,0,-1017.906025,1745.902972,130577.0188,-757.5852764,-2751.187048,18539.95232,275071.6252
2_0068,1,72959,downstream,stage14_oocyte,cell,KO,848082.7119,-167958.1843,3899743.912,2425041.885,-35910.4198,-22888.69748,3635892.796,518563.0236,0,-7768.127128,0,-3243.983313,4482.593664,176766.9621,-2339.182274,-3641.871786,19335.08347,342973.0361
2_0069,1,39067,downstream,stage14_oocyte,cell,KO,2551707.985,67542.9363,3073336.429,1921239.661,-68611.53595,28742.76391,12773526.03,222385.3815,0,-8380.461412,0,-6450.887588,1084.031116,142831.7648,-1193.590611,-4536.626075,14946.17473,260220.2591
2_0070,1,42709,downstream,stage14_oocyte,cell,KO,1773316.118,-143049.5246,1472913.398,916374.9813,-76818.24389,19806.29875,8318679.642,152957.9272,0,-9831.70576,0,-4665.215113,607.108435,132953.8431,-2257.021169,-3835.837938,14830.01691,255288.9389
2_0071,1,46877.1,downstream,stage14_oocyte,cell,KO,722282.3568,-234537.3818,1489959.091,1154107.17,-9625.743714,-13963.75055,3951266.071,192905.1261,0,-9394.081774,0,-4206.113425,126.8025555,148484.6206,-3070.34692,-3709.51946,16491.87943,283180.0843
2_0072,1,41406.1,downstream,stage14_oocyte,cell,KO,863478.6688,-15978.61399,1474375.573,1129329.018,-48489.2345,-4574.131867,4002836.171,250428.6061,0,-6382.915939,0,-3834.507125,825.4720096,124147.7854,-1847.113699,-2394.756161,15847.06681,283901.6368
2_0073,1,43418.7,downstream,stage14_oocyte,cell,KO,2847541.628,98339.01363,2376676.681,1571904.998,-63654.02855,36392.68597,12679920.3,231814.1326,0,-8101.286823,0,-4635.818941,941.9686965,144755.9051,-472.1783625,-3074.964002,12390.39442,246764.9104
2_0074,1,39116.6,downstream,stage14_oocyte,cell,KO,1060572.287,4417085.589,2306456.338,3536143.769,-52887.59903,-9122.382286,5734528.374,355039.0035,0,-2754.958668,0,-1462.029865,2367.000229,129871.141,-834.8773288,-1604.397469,17720.64125,259984.273
2_0076,1,35501.8,downstream,stage14_oocyte,cell,KO,1805493.742,76612.17436,1943714.32,1140718.986,-54209.58002,25790.28261,8220141.09,163253.7137,0,-4965.604814,0,-3052.469615,1997.089856,126722.61,-176.3161395,-1613.323563,12133.94721,239659.4061
2_0076,2,62661.7,downstream,stage14_oocyte,cell,KO,232023.7428,-31072.05718,1110699.937,1654964.425,-53190.38405,-24423.65081,1659396.487,758374.0647,0,-8338.022715,0,-5752.13101,1174.267726,128999.7619,-2328.891008,-2711.239543,15895.58142,313216.8197
2_0090,1,9442.99,downstream,stage9-13_oocyte,focus,KO,759581.8397,-1219036.184,1528677.209,64797.79738,-27489.86591,-989.3420623,3067085.985,148685.6378,0,398.0730206,0,402.8200117,5629.008832,74208.54523,1252.402989,-60.60019947,16186.06391,277603.478
2_0090,2,19185,downstream,stage9-13_oocyte,focus,KO,1757301.875,-2513526.612,3505921.961,354385.32,21818.3331,7732.3224,7286794.901,130563.5175,0,22.112631,0,744.374163,6176.543603,126666.1922,2382.331908,-238.3454231,17506.74416,308414.9271
2_0090,3,37932,downstream,stage9-13_oocyte,cell,KO,1975305.107,-4942653.396,6111940.297,1677239.244,313773.8833,-73990.91784,8046678.268,768369.9373,0,1397.244186,0,121.9855188,7488.326814,170690.7985,2315.384453,-560.5541648,20019.01129,390499.9525
2_0090,4,33940,downstream,stage9-13_oocyte,cell,KO,3189467.378,-4423210.136,6096535.968,2387950.52,439842.3754,-41289.0282,13335986.5,303817.6434,0,-442.261958,0,1630.20608,7397.61331,181387.7685,4040.855672,-506.5316584,20068.50139,368915.4696
2_0091,1,23802,downstream,stage9-13_oocyte,focus,KO,1354336.18,-1549736.319,5481569.419,-484061.274,-51061.71654,-3020.23578,5251601.874,293877.8195,0,-946.1295,0,4280.268436,5330.776847,173323.0055,2185.968539,-457.6542403,18801.67584,378512.7355
2_0091,2,37854,downstream,stage9-13_oocyte,cell,KO,2235770.802,-2455710.113,6850653.769,582308.082,111661.7292,-24010.7922,9198105.606,480332.0558,0,-1553.702288,0,4684.549847,5758.44133,197330.9071,3259.066628,-733.031808,19992.5901,406364.965
2_0092,1,5292.99,downstream,stage9-13_oocyte,focus,KO,548573.9524,-259914.9204,930953.4705,60207.76125,2625.32304,1977.196414,2255935.854,22364.25893,0,-156.2649438,0,387.719457,1062.20729,37831.35703,832.9403694,-99.33015582,5113.069625,112667.0779
2_0092,2,26383,downstream,stage9-13_oocyte,cell,KO,1162134.214,-796030.5143,3942391.375,1101543.016,133265.8096,-43212.18804,5643270.934,305577.4039,0,-1463.306712,0,876.0633448,2116.520771,96279.36054,1214.31715,-597.1836637,7656.499621,187920.9142
2_0093,1,8275,downstream,stage9-13_oocyte,focus,KO,703974.9375,-1092546.595,1292705.109,99192.425,-9157.85975,723.31775,3078364.545,99720.45275,0,301.21993,0,336.863665,3452.35317,54103.42461,1203.412563,-127.0236498,10394.2035,216628.5886
2_0093,2,38486,downstream,stage9-13_oocyte,cell,KO,1730184.313,-5008348.67,5970530.998,1279428.584,263113.3876,-64596.44184,8269748.525,706649.5281,0,1189.502196,0,412.3697928,4784.456365,151551.641,2006.286726,-762.5833871,13811.85953,325006.2418
2_0094,1,8987.01,downstream,stage9-13_oocyte,focus,KO,167835.1079,-70073.51437,1583724.154,-1976306.408,-95135.58916,-3904.316624,492209.5507,236260.4046,0,-1170.871699,0,-775.5870513,5460.363484,74474.76771,362.4577964,-339.3477002,16627.37587,296366.7587
2_0094,2,52888,downstream,stage9-13_oocyte,cell,KO,-1549057.787,-520227.5232,4176634.114,-14147540,-614082.568,-11011.81048,-4874316.744,473469.2424,0,-8353.416315,0,-6482.408117,2109.808096,155323.8584,-2898.468663,-2346.060908,18223.80856,384887.5014
2_0095,1,20038,downstream,stage9-13_oocyte,focus,KO,1804702.432,-546472.3284,3936939.8,-3943578.59,-138356.3786,39622.33968,9734921.274,88233.92654,0,-3308.059393,0,174.210372,5211.521112,119497.0939,4721.127131,-694.607251,18799.69769,343623.6728
2_0095,2,41721,downstream,stage9-13_oocyte,cell,KO,2949090.606,-1245234.171,6634502.207,-8623230.048,196902.2595,45648.19773,16974856.39,19396.51011,0,-7334.330679,0,-531.1458789,5190.338554,192247.1972,7163.942115,-1446.237604,20774.8593,418837.1732
2_0096,1,30072.8,downstream,stage9-13_oocyte,focus,KO,4350556.794,407805.2117,8007048.1,3169889.644,-46845.30274,59882.76373,18680573.79,272378.9729,0,-2439.89949,0,1978.573716,6099.440478,169479.1378,5999.144683,-1125.910596,18707.77764,384569.6582
2_0096,2,37674.8,downstream,stage9-13_oocyte,cell,KO,5005002.993,469141.6795,9042610.932,4283933.693,32034.12894,54340.62453,21581233.08,322598.7635,0,-3277.123641,0,2043.209893,6259.536158,181918.3778,6480.871841,-1410.525675,18895.56989,397968.576
2_0097,1,17343,downstream,stage9-13_oocyte,focus,KO,1363203.158,142908.0543,4339000.598,1078110.252,-32285.90223,11634.37812,5537009.426,115921.1323,0,-1124.145511,0,581.4188721,5255.763198,95946.4361,1564.869296,-453.3614553,16358.29915,283225.6003
2_0097,2,31930,downstream,stage9-13_oocyte,cell,KO,1920704.448,235320.907,6707421.11,1465267.7,26329.478,4791.7351,8089075.954,165514.2638,0,-2138.952384,0,578.38002,5371.012353,150860.5012,1893.423456,-874.5440497,17666.13461,334467.7366
2_0098,1,48024,downstream,stage14_oocyte,cell,KO,877336.0488,-1079646.754,5117496.99,3345443.086,29644.73496,-47527.91208,3195334.469,452416.3351,0,-1114.051147,0,3612.850322,4736.525479,189588.4845,252.2268504,-1185.235682,22536.64509,319358.9805
2_0099,1,10356,downstream,stage9-13_oocyte,focus,KO,350023.4796,-1385386.327,1305816.933,915598.8144,17771.82804,-10814.87436,1185390.22,321202.2138,0,386.1835248,0,80.2155048,3112.171657,45949.65795,341.292336,-40.4412156,7769.056702,180503.044
2_0099,2,11518,downstream,stage9-13_oocyte,focus,KO,418342.9744,-1515767.648,1331939.101,970810.7552,6290.32534,-10938.52942,1288646.51,222622.7835,0,311.7254556,0,157.0318048,5376.898413,69101.53034,656.716047,-100.0257674,15592.38423,303122.7006
2_0099,3,34041.1,downstream,stage9-13_oocyte,cell,KO,1444081.332,-4512661.826,5160078.954,3383426.628,19548.7825,-28514.86783,5236409.653,573434.2439,0,362.0134821,0,1784.100859,7007.656593,204331.3045,972.9320832,-353.6366482,21814.98703,436066.6067
2_0099,4,29617,downstream,stage9-13_oocyte,cell,KO,1041618.043,-3938954.379,4226339.68,2633377.785,47250.36946,-28854.36225,3725940.03,676515.9565,0,741.9325053,0,64.7990343,4550.021208,125438.3106,348.6098602,-225.7161919,11595.84331,288508.1828
2_0099,5,45255.1,downstream,stage9-13_oocyte,cell,KO,1113089.914,-5889435.357,5763634.777,2992828.375,13014.00911,-39016.68446,4276339.945,625862.1937,0,-65.13566543,0,-79.85262395,7280.536401,188547.1513,368.0054222,-715.451905,19907.97192,425125.6582
2_0099,6,5275.01,downstream,stage1-8_oocyte,cell,KO,138336.6097,-661334.3337,816185.3645,497957.779,9068.427941,-4924.169085,539423.0501,134002.9253,0,290.8366213,0,103.5975039,210.0187206,13921.53367,42.77663859,-13.46077052,644.2348613,20053.81245
2_0099,7,4631.01,downstream,stage1-8_oocyte,cell,KO,104935.4449,-522273.7303,708506.5094,473244.7643,10389.25414,-3817.897264,409562.3565,104000.2124,0,160.3635405,0,6.428304981,171.4219293,9287.853163,3.912277248,-32.25174294,471.6479921,15681.44919
2_0099,8,1502,downstream,stage1-8_oocyte,cell,KO,16287.2374,-110168.0952,147436.9058,117773.9228,2216.69666,-982.18784,79611.4072,21834.9495,0,91.0554456,0,22.1896468,50.0960558,1430.171807,19.0199762,8.245229,103.3775532,3167.963427
2_0105,1,7164,downstream,stage9-13_oocyte,focus,KO,77728.6836,-53436.276,1069326.078,-274517.316,-41188.27176,-6626.3418,169113.384,209227.4856,0,-420.533964,0,-377.779212,1771.906507,49779.82771,243.8460828,-360.248904,6829.412544,163891.5236
2_0105,2,24687,downstream,stage9-13_oocyte,cell,KO,291393.0045,-202539.5541,3986699.433,-410495.436,-133603.0816,-22676.73759,1018857.177,426522.2364,0,-2411.14226,0,-1748.496274,1946.984692,130908.9399,-292.3286418,-1534.425916,9296.951391,264950.6872
2_0106,1,3649,downstream,stage9-13_oocyte,focus,KO,55719.8651,-86305.0533,625306.1778,-42459.764,-15294.7835,-561.03375,131466.172,145348.2816,0,79.106671,0,9.337791,489.0138019,26037.88468,122.2765304,-121.1296497,2561.397305,64864.58532
2_0106,2,17774,downstream,stage9-13_oocyte,cell,KO,267175.2132,-439643.4448,2610906.576,-31371.11,-66147.89614,-5393.16482,731400.1,550353.425,0,-424.8892474,0,-388.3494582,902.8321074,65157.91989,-398.1073842,-805.5582047,4222.729146,124068.197
2_0106,3,7168,downstream,stage1-8_oocyte,cell,KO,57098.1376,-189665.9968,794219.4893,-183464.96,-26124.63616,-1920.52224,225806.336,110257.8893,0,-304.2873344,0,-131.3636352,137.478656,16146.57946,-240.8182784,-292.038656,758.725632,25084.12498
2_0106,4,3281,downstream,stage1-8_oocyte,cell,KO,12971.1054,-79084.8959,374085.5445,-108692.968,-15615.78826,40.12663,84351.229,18918.5741,0,-124.5477443,0,9.8082214,80.5268954,7134.081722,-33.1948613,-128.0708821,281.493395,12011.57498
2_0106,5,1246,downstream,stage1-8_oocyte,cell,KO,2094.6506,-29349.1562,144029.7627,-47425.252,-5634.42446,-76.23028,4815.79,12051.88516,0,76.949222,0,20.7918774,6.8052782,1965.779312,-35.0316638,-37.323307,72.843652,3787.664812
2_0106,6,768,downstream,stage1-8_oocyte,cell,KO,-1685.376,-15595.008,77411.87328,-32461.824,-3045.6192,-42.4704,-3271.68,5131.82208,0,7.851264,0,18.523008,12.06144,858.341376,-6.500736,-13.7830656,38.33856,1792.619059
2_0106,7,480,downstream,stage1-8_oocyte,cell,KO,-3516.528,-8522.016,32733.6528,-17687.52,-1916.8368,101.2752,-6722.208,2509.9344,0,17.2584,0,11.45256,28.100688,404.60736,-4.20072,-6.581328,10.53264,841.583712
2_0106,8,306,downstream,stage1-8_oocyte,cell,KO,-754.6572,-4543.5186,17515.01466,-12119.742,-1038.14478,244.22778,-5837.9598,1325.70216,0,9.963054,0,3.0098466,8.7808536,165.674214,-0.0401472,-4.100247,-1.9278,435.0491964
2_0107,1,33447.1,downstream,stage9-13_oocyte,focus,KO,2742795.988,-4639587.719,5963570.435,-1856916.098,-3960.13664,6398.43023,12409198.54,248707.953,0,-375.5273153,0,1433.924003,6621.860203,155907.0341,3803.791516,-500.3043976,22561.57407,411104.3868
2_0107,2,47435.2,downstream,stage9-13_oocyte,cell,KO,3748661.55,-6437288.686,8312856.572,-1122032.221,458669.9229,-37323.43842,17178928.06,321774.7818,0,-605.9704494,0,1982.003936,7427.740406,187034.2424,4906.772984,-749.1683056,23782.49135,442997.8925
2_0108,1,13192,downstream,stage9-13_oocyte,focus,KO,1281431.304,-1567354.712,2774336.964,172947.12,92222.6336,4953.72792,5744398.355,181344.6195,0,635.1037752,0,939.0646048,4949.733382,72325.74683,2199.640676,-186.6970097,13895.53596,270593.0864
2_0108,2,42247.1,downstream,stage9-13_oocyte,cell,KO,3732320.049,-4899277.895,8255780.417,66834.9122,905786.2734,-27153.47858,17388889.46,213500.367,0,589.5244828,0,7624.013059,6872.00623,202999.2589,4858.395376,-470.531301,18028.71757,380242.814
2_0109,1,12869.1,downstream,stage9-13_oocyte,focus,KO,1682470.101,-2249773.488,2975788.14,1348462.905,171931.9481,-5814.516762,7105389.158,197226.8077,0,331.2480602,0,1331.865627,5879.185276,73310.55261,2602.50265,-170.3155892,15367.94462,298225.6459
2_0109,2,16087.1,downstream,stage9-13_oocyte,focus,KO,1809480.225,-2861806.611,3322004.489,772663.413,117906.5385,-550.822304,7847977.517,186810.0009,0,75.17984443,0,1331.694964,5558.094659,87272.90359,2698.784766,-205.5027285,17271.33578,333905.0767
2_0109,3,39182.2,downstream,stage9-13_oocyte,cell,KO,4274198.123,-6659485.076,8082392.155,3710358.429,890676.4485,-39633.57894,19049127.89,243592.211,0,102.0186941,0,3546.510223,7685.788359,183190.6555,5574.012753,-612.2532207,19387.43092,409159.1988
2_0109,4,41237.2,downstream,stage9-13_oocyte,cell,KO,3930614.44,-7511801.342,6942906.951,1004703.141,471240.5772,-8660.636744,17405145.83,213675.9126,0,-10.50723856,0,2324.92447,7048.431297,182771.6828,4843.053469,-626.6199963,20985.11623,432131.893
2_0110,1,15384,downstream,stage9-13_oocyte,focus,KO,485829.7968,-3240776.518,1722277.568,1597074.576,193875.937,-31457.04936,1947922.08,381340.7458,0,788.9807472,0,223.8387384,920.5447152,38814.37044,422.2004959,-105.0181068,6375.448049,138587.6224
2_0110,2,42978.9,downstream,stage9-13_oocyte,cell,KO,1059593.205,-8251540.5,5009642.933,4599687.836,490932.5023,-82504.87517,5026296.397,770656.3751,0,1944.120456,0,510.3400544,1160.937451,90175.53435,611.0452043,-437.235954,9096.213418,206554.6937
2_0110,3,5424.99,downstream,stage1-8_oocyte,cell,KO,300260.1765,-1113131.998,902243.7579,767413.6604,31317.05677,-4031.147319,1208421.947,58059.54498,0,185.5954179,0,213.5845688,203.961179,13553.55089,249.2388508,-9.929359197,755.7157545,18693.29926
2_0110,4,2281.99,downstream,stage1-8_oocyte,cell,KO,198811.3046,-442484.4788,392656.36,360967.4602,20831.0088,660.9784035,892098.3507,9582.509588,0,111.3889523,0,225.5416226,165.3244705,3857.943704,222.3126753,-3.070645744,289.670562,6922.56682
2_0110,5,1155,downstream,stage1-8_oocyte,cell,KO,83192.34,-220944.57,169082.2056,180407.535,6339.7257,815.44155,352566.06,3985.75485,0,88.2541275,0,83.6780175,62.9829585,1369.754925,79.90512915,14.3867955,126.7389585,2740.059399
2_0110,6,709.998,downstream,stage1-8_oocyte,cell,KO,36375.82453,-129270.3299,84038.57247,102040.2026,3023.625883,275.472124,171392.8072,2327.820743,0,57.14099404,0,43.77478469,44.82678873,600.1314895,20.15303053,7.156069842,56.0534191,1216.450791
2_0110,7,450.999,downstream,stage1-8_oocyte,cell,KO,20147.52343,-70438.06112,41920.27587,64761.6524,1571.573665,136.6075971,86621.12294,1336.278467,0,30.85676528,0,23.04338801,14.58111337,270.1975599,15.79187881,5.446940422,17.20998654,592.8272713
2_0110,8,956.998,downstream,stage1-8_oocyte,cell,KO,39520.95501,-156949.8731,71221.3415,82513.32456,1103.485684,774.9961204,175764.1667,1693.484521,0,47.81324698,0,37.81922116,21.08840793,500.3606623,28.14409579,1.32084864,56.48747685,1177.735139
2_0111,1,43594,downstream,stage9-13_oocyte,cell,KO,2213010.175,-449070.5128,5280906.538,3347757.636,101757.9867,-23695.08276,7121807.92,828327.4143,0,-2204.243422,0,-644.6637126,6262.125521,166100.5074,875.0710808,-650.0488794,22218.85914,436047.7687
2_0124,1,40513,downstream,stage14_oocyte,cell,KO,2911123.195,327107.2287,4168223.354,2477692.839,-18001.83001,31517.89861,12582705.8,293649.9728,0,-2470.48274,0,-1326.17685,4987.563533,140064.9062,879.2738955,-1431.776294,19736.51564,265758.8952
2_0125,1,44638,downstream,stage14_oocyte,cell,KO,2603927.376,-215552.4382,3825456.067,1877578.287,-97342.80081,32991.05304,11516807.1,236859.1823,0,-1527.472186,0,-488.384358,5524.30514,182355.9432,685.282576,-1458.995262,24455.12917,368444.1857
2_0126,1,47639.1,downstream,stage14_oocyte,cell,KO,848285.6341,-1613793.568,3514372.136,2040311.194,-124691.0091,2377.667481,3595923.13,357889.0246,0,-7880.826743,0,3035.110881,5677.284936,175242.354,-516.3935523,-966.0766436,18777.30379,226095.2925
2_0127,1,32265,downstream,stage14_oocyte,cell,KO,1340152.587,-1631957.247,3784368.948,3895053.386,12475.5849,-19616.79735,4894552.103,459253.5247,0,116.1120555,0,33.6298095,5554.432656,156827.117,342.705924,-377.7050601,20806.00136,228060.0837
2_0128,1,44223.1,downstream,stage14_oocyte,cell,WT,3495292.995,-802768.6674,4864430.929,2291248.164,-2208.059383,37153.153,14561541.75,321100.5372,0,-30.80581146,0,1002.475765,6273.298807,135315.8049,1322.031885,-363.2087426,17972.94445,439123.2553
2_0128,2,47174.1,downstream,stage14_oocyte,cell,WT,2173269.274,-2217446.875,3009274.097,1432517.78,-41956.69171,18606.88026,9332054.006,212816.673,0,-767.3669325,0,-426.4821685,3705.218923,101715.115,433.817741,-479.2157361,11453.60259,297299.9413
2_0128,3,56959.1,downstream,stage14_oocyte,cell,WT,3363276.509,-2514664.522,4850922.378,2298237.941,-50658.79699,35854.61427,14237129.76,279484.2519,0,-910.0469325,0,-213.1580399,5936.089437,134480.6857,1071.212706,-578.9214702,17034.54729,414227.9782
2_0129,1,52819,downstream,stage14_oocyte,cell,WT,3340547.691,351479.81,5543729.435,2503900.277,34458.53459,34098.36183,14828303.06,285041.6421,0,-3654.588865,0,-1441.567839,4143.486811,128954.7046,322.5603511,-1424.333,11494.94615,368330.6556
2_0130,1,56477,downstream,stage14_oocyte,cell,WT,2833761.714,-5119193.882,7332047.005,3298401.607,-73314.31293,27260.31836,12676977.08,355549.4286,0,766.5962072,0,4831.093409,6487.902681,160266.0197,1527.870587,-732.3993837,15139.5296,363425.3722
2_0131,1,40435.8,downstream,stage14_oocyte,cell,WT,3061127.542,-1308559.098,4078541.601,1964796.144,-32243.10256,20046.85657,12868714.78,201271.9037,0,-1346.204828,0,-664.3035839,3603.048133,129349.3204,992.2015297,-557.625452,14187.06217,321452.9685
2_0132,1,44857.8,downstream,stage14_oocyte,cell,WT,3224046.716,-6830649.723,6166950.132,2627596.818,-94485.02484,59208.2588,14190788.63,229601.6842,0,-696.4666886,0,2008.216419,4139.989163,117861.5369,1104.201662,-241.1026006,13660.9361,311091.3192
2_0132,2,41709.9,downstream,stage14_oocyte,cell,WT,3169531.13,-6443512.192,4849058.084,2572918.602,-79910.37072,49968.0431,14079824.33,282561.3776,0,-518.4248601,0,852.4627652,4649.335817,113701.9382,1396.430768,-131.6101672,16113.14751,347856.1948
2_0144,1,12313,downstream,stage9-13_oocyte,focus,WT,1375828.886,-1034161.482,2255786.173,788198.2255,249852.3178,-9764.08587,5833385.948,153304.5949,0,-109.3160453,0,228.3039521,4572.496578,40052.94292,1015.412477,-98.62700687,5989.438447,232627.2176
2_0144,2,739,downstream,stage1-8_oocyte,focus,WT,31635.71059,-57340.0446,145284.1632,65001.9227,1210.77021,-116.59942,120602.8047,15417.11333,0,35.2614589,0,27.4499333,84.0724828,2788.630393,48.2390379,5.8137869,158.4697559,8723.757472
2_0144,3,537,downstream,stage1-8_oocyte,focus,WT,68756.35767,-42781.6623,98377.65894,22771.485,3455.24595,1559.56077,292522.8561,1291.382433,0,48.1148241,0,45.4177416,80.3583984,2506.436116,54.1829778,12.5666592,142.8275547,5972.467764
2_0144,4,38791,downstream,stage9-13_oocyte,cell,WT,4829863.919,-3200335.082,6897141.432,1638074.106,3919184.68,-64985.78648,21014066.11,183659.4419,0,-1068.30414,0,559.4709557,6968.035088,110955.7903,2584.368914,-554.1089146,9562.450871,338413.999
2_0144,5,5502,downstream,stage1-8_oocyte,cell,WT,620344.5028,-462457.9554,912504.6092,190887.4884,15808.73154,17095.86942,2679200.551,7519.963038,0,14.5852518,0,145.098744,414.8805108,13708.28142,302.7508512,-47.30575584,919.6818582,29882.869
2_0144,6,6318.01,downstream,stage1-8_oocyte,cell,WT,311827.9739,-517671.2038,1044149.84,431033.5962,-3232.672997,1511.394352,1330056.725,87527.99836,0,-66.32457358,0,5.918079967,327.2053153,13273.81553,103.1604673,-37.82339867,910.0152022,30496.42711
2_0144,7,8132.01,downstream,stage1-8_oocyte,cell,WT,338579.5705,-635937.0064,1387391.004,428850.4926,-9112.486446,842.7201963,1299790.39,134981.8434,0,-139.1403175,0,30.89513239,378.5621427,13255.16654,24.02846315,-47.13971689,931.1810143,26691.24022
2_0144,8,2999,downstream,stage1-8_oocyte,cell,WT,305225.9541,-227656.7891,596188.0644,146532.0397,-5950.16595,10088.66599,1394152.028,3911.412761,0,11.4045972,0,114.2184145,166.47449,5570.578921,180.9659579,-9.6729746,387.9749319,11808.90409
2_0144,9,1820,downstream,stage1-8_oocyte,cell,WT,115204.0162,-120350.412,248929.8084,75173.462,28383.719,-851.4506,497524.846,6917.81818,0,13.510588,0,31.206994,73.897824,1814.082816,36.95874,-3.688776,145.409082,5021.478098
2_0144,10,4570,downstream,stage1-8_oocyte,cell,WT,270991.9057,-390410.53,471201.8234,149245.689,-4928.1052,6017.5475,1176237.111,7915.55533,0,-65.590925,0,5.701075,169.550656,5842.830916,47.79306,-36.9794803,414.490317,13352.78092
2_0144,11,817.001,downstream,stage1-8_oocyte,cell,WT,45021.82868,-61074.58295,85950.64574,29354.92763,-683.6500968,799.6887488,182124.474,2819.232704,0,20.1813136,0,18.40049652,34.05979129,597.53476,16.62319255,4.683376532,60.45243669,1980.47897
2_0145,1,37942.9,downstream,stage9-13_oocyte,focus,WT,4072576.509,-7079082.739,7638589.16,2926422.048,-64813.68235,52890.12603,18280329.94,289071.4365,0,-299.0317892,0,638.4993269,6609.005115,137677.0761,2651.895681,-272.17884,13657.3154,417808.1219
2_0145,2,51911.9,downstream,stage9-13_oocyte,cell,WT,4833950.473,-9093365.993,9650578.517,3633204.866,124828.9121,27904.20361,22598924.75,379309.4037,0,-598.1963973,0,641.8750699,6967.766801,151690.8961,2971.512428,-392.195858,14802.88074,443604.1503
2_0146,1,14922,downstream,stage9-13_oocyte,focus,WT,1065927.703,-1589513.823,2455160.232,1086894.605,73732.28796,-3911.8023,4391475.959,212175.1271,0,123.1005312,0,260.0800146,5423.833638,46540.82566,849.852666,-59.6484567,8281.672695,288936.3304
2_0146,2,52931.8,downstream,stage9-13_oocyte,cell,WT,2409053.254,-5363362.274,8169754.436,3009336.919,3078539.425,-174090.0436,10446164.83,657426.0302,0,-570.721254,0,415.2023324,7034.953811,125302.2848,1098.66832,-577.9850849,12312.59833,401415.197
2_0147,1,14300,downstream,stage9-13_oocyte,focus,WT,720545.54,-338459.55,1741533.508,666384.29,405377.258,-40000.818,3036939.62,182475.8364,0,-39.55094,0,180.79204,3039.64232,45711.3371,355.71393,-161.901311,5183.38964,213045.8645
2_0147,2,43556.1,downstream,stage9-13_oocyte,cell,WT,1773216.743,-669840.5507,6640543.841,2491818.347,2883181.23,-155556.6911,7863025.931,404207.0543,0,-1103.119211,0,-54.23170011,4522.490842,110681.5817,239.2188124,-642.4115323,7844.357787,308526.6812
2_0148,1,5556,downstream,in_vivo_egg,focus,WT,1994603.444,31475145.59,1535692.312,569098.0186,577063.6058,-10376.6634,6963420.717,61152.17123,0,855.2011884,0,895.9461144,3282.824827,30546.72132,1938.40306,-31.85593716,4106.825742,164046.4533
2_0148,2,69900.9,downstream,in_vivo_egg,cell,WT,5950027.519,4918157.423,7890938.128,2693334.033,2377975.493,-106502.4093,30158146.62,521519.4517,0,3959.361728,0,1540.385163,8694.218021,200977.6697,5256.396694,-793.1714539,15069.76028,427478.9197
2_0149,1,6923.01,downstream,in_vivo_egg,focus,WT,1899456.215,152642.6783,1829087.55,762263.5268,550938.8819,-10521.93675,8281073.14,111257.6445,0,87.19600325,0,440.0708229,3549.114307,35082.43556,2139.377627,-127.9557369,4056.449787,176560.0793
2_0149,2,62844.1,downstream,in_vivo_egg,cell,WT,6431688.291,213261.4534,7690049.578,3103561.912,1836916.075,-94364.81524,28049305.94,442088.3848,0,-1128.491504,0,84.11054344,7549.0721,182958.1477,4063.091019,-1152.025928,14081.11928,448115.4545
2_0150,1,9178.99,downstream,in_vivo_egg,focus,WT,2287003.003,133893.0092,3085728.816,1013736.972,1095595.435,-32652.73321,9893739.502,210643.2626,0,-103.6509909,0,552.0235407,4712.588927,31813.49816,2627.821839,-201.8494781,7266.965995,220777.8736
2_0150,2,56646.9,downstream,in_vivo_egg,cell,WT,6885333.262,374696.5847,10925772.14,3523205.777,2712669.36,-112699.0075,30270799.91,370801.7705,0,-2206.94623,0,178.3414353,5313.898407,128060.7405,4674.366235,-1293.315004,15058.93259,402696.7849
2_0150,3,61036.9,downstream,in_vivo_egg,cell,WT,5977177.597,196728.0324,6468447.918,2440555.258,1648340.548,-101829.6914,24834632.22,454405.9262,0,-100.8451662,0,3196.252202,3837.353281,246635.7082,3900.196873,-1010.752753,25761.08753,336196.3479
2_0167,1,14381,downstream,stage9-13_oocyte,focus,WT,1044642.887,-2588017.703,2854258.333,1160470.481,150584.4577,-11596.5364,3975705.107,353305.1744,0,9.4828314,0,157.1210536,5100.704852,44087.82307,717.9364792,-38.84092385,6471.803773,251808.8199
2_0167,2,21414,downstream,stage9-13_oocyte,focus,WT,2742899.773,-3691109.766,5045315.28,1579867.102,358553.2322,3374.63226,11732439.37,171005.2873,0,-332.8827714,0,621.9182364,5182.950338,68392.44863,1840.862433,-130.744676,9799.915808,306664.0448
2_0167,3,8846,downstream,stage9-13_oocyte,focus,WT,877179.0021,-1608611.485,1794979.544,635698.3288,35532.08204,2485.99138,3460956.808,98345.37846,0,222.4866306,0,182.8344356,4049.58911,45454.63493,795.360402,-42.61303966,6192.063772,228986.9089
2_0167,4,8345,downstream,stage9-13_oocyte,focus,WT,753445.7661,-1457934.088,1717937.25,869992.954,141152.9212,-8085.629055,2961627.148,126251.48,0,78.968735,0,250.45014,3962.027417,35195.70009,656.5609836,3.3805595,5105.859877,203069.1231
2_0167,5,13782,downstream,stage9-13_oocyte,focus,WT,844016.4332,-2522748.241,1907087.833,762536.0088,-16730.52108,1799.79138,3225572.357,294783.1567,0,31.8998172,0,198.6275622,3989.855923,46236.67225,567.4486289,-22.3895481,5909.867689,228924.9028
2_0167,6,45053,downstream,stage9-13_oocyte,cell,WT,2594664.894,-7844556.275,9228262.757,3166766.359,3407857.127,-55276.87729,10375048.13,568280.3856,0,-691.8023309,0,218.7998945,7199.271167,124499.8837,999.7202131,-314.6046485,10498.90783,365030.0768
2_0167,7,54473,downstream,stage9-13_oocyte,cell,WT,5608599.456,-8966762.399,9912847.284,2462691.646,5076691.31,-54116.20185,24819391.36,203757.1825,0,-1072.072218,0,1274.036313,7199.620148,144465.087,2879.13065,-423.8691207,13384.75693,398365.2353
2_0167,8,39654,downstream,stage9-13_oocyte,cell,WT,2875271.489,-6727269.377,8200259.24,2699172.437,1897839.25,-48652.68222,12143299.94,302438.9563,0,-490.9997934,0,364.2973326,6534.923684,135335.5093,1604.451201,-346.818008,10835.71722,347675.837
2_0167,9,40522,downstream,stage9-13_oocyte,cell,WT,1874818.812,-7008514.928,5927487.652,2554482.567,1787687.597,-49717.65746,7507729.759,578714.8214,0,-685.6403444,0,111.8285634,5679.830965,100490.0783,790.1210535,-292.7929267,8581.003555,293622.2844
2_0167,10,48571,downstream,stage9-13_oocyte,cell,WT,2587056.116,-8866276.625,6885631.872,2861201.04,1256991.737,-59593.21699,10342048.17,579709.3106,0,-802.8349161,0,216.1992352,5900.677078,128217.2109,1133.946823,-378.4011183,10819.94796,359671.502
2_0167,11,2605,downstream,stage1-8_oocyte,cell,WT,182979.6024,-472111.444,337421.1173,143558.945,9309.0717,855.35175,764008.467,14860.86594,0,58.484334,0,72.6417275,155.834747,4176.699137,87.02828285,3.81442335,375.085093,9043.066944
2_0167,12,933,downstream,stage1-8_oocyte,cell,WT,66561.14367,-160126.125,134827.1396,61442.3418,13030.43661,315.52194,275435.0352,5991.200721,0,68.8505484,0,1371.317242,63.9773028,9097.99033,108.1817885,12.73486221,114.0579438,2982.051661
2_0167,13,657,downstream,stage1-8_oocyte,cell,WT,33540.63183,-117025.5627,66306.58182,31833.1611,390.50109,796.72419,157903.6428,1706.877459,0,47.4832296,0,112.6383138,41.9489244,1014.098816,18.43986789,9.73665459,56.7027792,1652.14926
2_0167,14,642,downstream,stage1-8_oocyte,cell,WT,20077.90158,-108511.161,24057.89712,12685.5348,-863.97792,457.11684,103665.2808,1040.371914,0,22.1873274,0,13.7180634,22.8999474,280.8579228,7.46772474,7.92149034,47.0724672,867.2372577